<?xml version="1.0" encoding="UTF-8"?>
<!DOCTYPE configuration
PUBLIC "-//mybatis.org//DTD Config 3.0//EN"
"http://mybatis.org/dtd/mybatis-3-config.dtd">
<configuration>
<typeAliases>
	<typeAlias type="pack.model.BoardDto" alias="dto"/>
	<typeAlias type="pack.controller.BoardBean" alias="formBean"/>
	<typeAlias type="pack.blame.model.BlameDto" alias="blameDto"/>
	<typeAlias type="pack.blame.model.BlameBean" alias="blameFormBean"/>
</typeAliases>
 <mappers>
  <mapper resource="pack/mybatis/DataMapper.xml" />
  <mapper resource="pack/mybatis/DataMapper_blame.xml" />
 </mappers>
</configuration>