<?xml version="1.0" encoding="UTF-8"?>
<beans xmlns="http://www.springframework.org/schema/beans"
	xmlns:xsi="http://www.w3.org/2001/XMLSchema-instance"
	xsi:schemaLocation="http://www.springframework.org/schema/beans https://www.springframework.org/schema/beans/spring-beans.xsd">
	
	<!-- Root Context: defines shared resources visible to all other web components -->
	<bean class="org.springframework.beans.factory.config.PropertyPlaceholderConfigurer">
		<property name="locations">
			<value>classpath:pack/mybatis/db.properties</value>
		</property>
	</bean>
	
	<bean id="dataSource" class="org.springframework.jdbc.datasource.SimpleDriverDataSource">
		<property name="driverClass" value="${driver}"/>
		<property name="url" value="${url}"/>
		<property name="username" value="${username}"/>
		<property name="password" value="${password}"/>
	</bean>
	<bean id="sqlSessionFactory" class="org.mybatis.spring.SqlSessionFactoryBean">
		<property name="dataSource" ref="dataSource"/>
		<property name="configLocation" value="classpath:pack/mybatis/Configuration.xml"></property>
	</bean>
	
	<!-- 어노테이션 사용 -->
	<bean class="org.mybatis.spring.mapper.MapperFactoryBean">
		<property name="mapperInterface" value="pack.chat.model.ChatAnnoInter"/>
		<property name="sqlSessionFactory" ref="sqlSessionFactory"></property>
	</bean>
</beans>
